Name,Address,Phone,Website,Maps URL,Status
Nevada Mobile Detailing & Auto Spa,"Address: 610 E Sahara Ave, Las Vegas, NV 89104 ",Phone: (702) 824-6042 ,http://nevadaautospa.com/,https://www.google.com/maps/place/Nevada+Mobile+Detailing+%26+Auto+Spa/data=!4m7!3m6!1s0xa0cf3f807f7a4f51:0xd76cdc3fdda12697!8m2!3d36.1448678!4d-115.1460327!16s%2Fg%2F11s9gr0nqn!19sChIJUU96f4A_z6ARlyah3T_cbNc?authuser=0&hl=en&rclk=1,Official Website
Mobile Speed Detailing LLC,"Address: 7858 Blue Diamond Rd, Las Vegas, NV 89178 ",Phone: (702) 786-7907 ,https://www.mobilespeeddetailing.com/,https://www.google.com/maps/place/Mobile+Speed+Detailing+LLC/data=!4m7!3m6!1s0xa2fa14665d9cdf5f:0x64caa7e0c388b21b!8m2!3d36.0195349!4d-115.2618031!16s%2Fg%2F11s9123zt5!19sChIJX9-cXWYU-qIRG7KIw-CnymQ?authuser=0&hl=en&rclk=1,Official Website
Exclusive Auto Detailing and Ceramic Coating | Mobile Service,"Address: 2375 S Spruce Goose St, Las Vegas, NV 89135 ",Phone: (775) 901-6063 ,https://exclusivemobiledetails.net/,https://www.google.com/maps/place/Exclusive+Auto+Detailing+and+Ceramic+Coating+%7C+Mobile+Service/data=!4m7!3m6!1s0x80c8bf24fcc30fcf:0x3768c7c0102cfe70!8m2!3d36.1452289!4d-115.330136!16s%2Fg%2F11y57ddd60!19sChIJzw_D_CS_yIARcP4sEMDHaDc?authuser=0&hl=en&rclk=1,Official Website
D&B Mobile Detail LLC,"Address: 5155 Blue Diamond Rd, Las Vegas, NV 89139 ",Phone: (702) 467-1528 ,http://dandbdetail.com/,https://www.google.com/maps/place/D%26B+Mobile+Detail+LLC/data=!4m7!3m6!1s0x2629c15f7f63b9e5:0xd0f84b6a737662ff!8m2!3d36.0307103!4d-115.2115925!16s%2Fg%2F11sqh32f01!19sChIJ5bljf1_BKSYR_2J2c2pL-NA?authuser=0&hl=en&rclk=1,Official Website
Tornado Mobile Detailing LLC,"Address: 840 S Rancho Dr, Las Vegas, NV 89106 ",Phone: (702) 929-4021 ,https://www.tornadomobiledetailing.com/,https://www.google.com/maps/place/Tornado+Mobile+Detailing+LLC/data=!4m7!3m6!1s0x36cdfd8d9f3e0c1:0x6f2684b39271c738!8m2!3d36.1616956!4d-115.1732142!16s%2Fg%2F11k9g1ybnk!19sChIJweDz2djfbAMROMdxkrOEJm8?authuser=0&hl=en&rclk=1,Official Website
Sin City Mobile Detailing,"Address: 3230 W Hacienda Ave #302, Las Vegas, NV 89118 ",Phone: (702) 530-5743 ,https://welcome.sincitydetailing.com/,https://www.google.com/maps/place/Sin+City+Mobile+Detailing/data=!4m7!3m6!1s0x80c8c5f5388b82e9:0xd9cb3e458078f655!8m2!3d36.0941262!4d-115.1836821!16s%2Fg%2F11qg386gkk!19sChIJ6YKLOPXFyIARVfZ4gEU-y9k?authuser=0&hl=en&rclk=1,Official Website
Mobile Auto Spa,"Address: 3021 S Valley View Blvd Ste 207, Las Vegas, NV 89102 ",Phone: (702) 600-2411 ,https://www.themobileautospa.com/,https://www.google.com/maps/place/Mobile+Auto+Spa/data=!4m7!3m6!1s0x80c8cf6a374b6959:0x637a5136dafd6524!8m2!3d36.1359112!4d-115.1912318!16s%2Fg%2F11lcr832n9!19sChIJWWlLN2rPyIARJGX92jZRemM?authuser=0&hl=en&rclk=1,Official Website
LVDetailer Mobile Car Detailing,"Address: 8985 S Durango Dr UNIT 1049, Las Vegas, NV 89113 ",Phone: (702) 327-9810 ,http://lvdetailer.com/,https://www.google.com/maps/place/LVDetailer+Mobile+Car+Detailing/data=!4m7!3m6!1s0x41de3bacea81f553:0x78cce3a94384f6ba!8m2!3d36.0251668!4d-115.2815598!16s%2Fg%2F11vb827cjk!19sChIJU_WB6qw73kERuvaEQ6njzHg?authuser=0&hl=en&rclk=1,Official Website
Slick Nickâ€™s Mobile Detailing,"Address: 3111 S Valley View Blvd Unit E131, Las Vegas, NV 89102 ",Phone: (702) 969-6227 ,https://slicknicksdetailing.com/,https://www.google.com/maps/place/Slick+Nick%E2%80%99s+Mobile+Detailing/data=!4m7!3m6!1s0xb8c11e093533df5:0x4211e2bf302483e5!8m2!3d36.131856!4d-115.1924342!16s%2Fg%2F11s2qj87vm!19sChIJ9T1Tk-ARjAsR5YMkML_iEUI?authuser=0&hl=en&rclk=1,Official Website
Jay's Mobile Detail,,Phone: (702) 480-8682 ,https://www.jaysmobiledetail.com/,https://www.google.com/maps/place/Jay%27s+Mobile+Detail/data=!4m7!3m6!1s0x80c893461d08d4f9:0x91c3484e4def1fd4!8m2!3d36.0561135!4d-115.1072285!16s%2Fg%2F1tfl9yhf!19sChIJ-dQIHUaTyIAR1B_vTU5Iw5E?authuser=0&hl=en&rclk=1,Official Website
Zaro Detailing,"Address: 1315 Fox Acres Dr, Las Vegas, NV 89134 ",Phone: (702) 688-0034 ,http://www.zarodetailing.com/,https://www.google.com/maps/place/Zaro+Detailing/data=!4m7!3m6!1s0x80c8bf67aade0477:0x2dd8f0034f04eb4!8m2!3d36.1854537!4d-115.3005428!16s%2Fg%2F11sjzlnrh2!19sChIJdwTeqme_yIARtE7wNACP3QI?authuser=0&hl=en&rclk=1,Official Website
"Finity High End Detailing - RV Wash & Mobile Car Detailing in Las Vegas, Summerlin & Henderson","Address: 3651 S Lindell Rd d1114, Las Vegas, NV 89103 ",Phone: (833) 322-8102 ,https://mobiledetailinghenderson.com/,"https://www.google.com/maps/place/Finity+High+End+Detailing+-+RV+Wash+%26+Mobile+Car+Detailing+in+Las+Vegas,+Summerlin+%26+Henderson/data=!4m7!3m6!1s0x80c8c7469e1b9cf7:0x6fb4f1482ed22524!8m2!3d36.123373!4d-115.2172327!16s%2Fg%2F11rd8mmv32!19sChIJ95wbnkbHyIARJCXSLkjxtG8?authuser=0&hl=en&rclk=1",Official Website
PROXIMA Mobile Auto Detailing and Ceramic Coating Las Vegas,"Address: 9050 W Warm Springs Rd, Las Vegas, NV 89148 ",Phone: (702) 637-6442 ,http://proximaautodetailing.com/,https://www.google.com/maps/place/PROXIMA+Mobile+Auto+Detailing+and+Ceramic+Coating+Las+Vegas/data=!4m7!3m6!1s0x80c8b9f15ad39745:0x6f81f83ca5f63eca!8m2!3d36.0558352!4d-115.2889105!16s%2Fg%2F11w3zd90mp!19sChIJRZfTWvG5yIARyj72pTz4gW8?authuser=0&hl=en&rclk=1,Official Website
Moura Auto Spa â€“ Mobile Car Detailing & Car Wash Las Vegas,,Phone: (725) 290-6600 ,http://www.mourautospa.com/,https://www.google.com/maps/place/Moura+Auto+Spa+%E2%80%93+Mobile+Car+Detailing+%26+Car+Wash+Las+Vegas/data=!4m7!3m6!1s0x80c8c1419720c63d:0x22f030c387611947!8m2!3d36.166129!4d-115.1496886!16s%2Fg%2F11tsk0ft69!19sChIJPcYgl0HByIARRxlhh8Mw8CI?authuser=0&hl=en&rclk=1,Official Website
Super Soakers Mobile Auto Detail,"Address: Lisa Dawn Ave, Las Vegas, NV 89147 ",Phone: (619) 617-3894 ,,https://www.google.com/maps/place/Super+Soakers+Mobile+Auto+Detail/data=!4m7!3m6!1s0xa062cf19d13a18cf:0x43cb67023533110f!8m2!3d36.1100343!4d-115.2655785!16s%2Fg%2F11s90v7mpf!19sChIJzxg60RnPYqARDxEzNQJny0M?authuser=0&hl=en&rclk=1,No Website
Foam Kings Mobile Detailing,,Phone: (702) 400-4155 ,http://www.foamkingslv.com/,https://www.google.com/maps/place/Foam+Kings+Mobile+Detailing/data=!4m7!3m6!1s0x80c8c77b7ad7bba1:0xec14e2af553d89ca!8m2!3d36.166129!4d-115.1496825!16s%2Fg%2F11lgd10zhd!19sChIJobvXenvHyIARyok9Va_iFOw?authuser=0&hl=en&rclk=1,Official Website
Exotic Shine Mobile Detailing,,Phone: (803) 261-3342 ,https://mobiledetailinglv.com/,https://www.google.com/maps/place/Exotic+Shine+Mobile+Detailing/data=!4m7!3m6!1s0x80c8c58147c4cc47:0x16706498c512d416!8m2!3d35.9642182!4d-115.258316!16s%2Fg%2F11fkz0p5v8!19sChIJR8zER4HFyIARFtQSxZhkcBY?authuser=0&hl=en&rclk=1,Official Website
#1 LUXURIOUS Mobile DetailingðŸ¦ƒ,"Address: 1804 Ginger Tree LN, Las Vegas, NV 89104 ",Phone: (702) 927-6370 ,https://luxuriouswash.com/,https://www.google.com/maps/place/%231+LUXURIOUS+Mobile+Detailing%F0%9F%A6%83/data=!4m7!3m6!1s0x80c8c5da0cd67c09:0x1fc95338a52009f4!8m2!3d36.1667951!4d-115.1348093!16s%2Fg%2F11fmnh1chm!19sChIJCXzWDNrFyIAR9AkgpThTyR8?authuser=0&hl=en&rclk=1,Official Website
Smaltz Mobile Detailing,"Address: 5060 W Hacienda Ave, Las Vegas, NV 89118 ",Phone: (702) 588-2401 ,,https://www.google.com/maps/place/Smaltz+Mobile+Detailing/data=!4m7!3m6!1s0x80c8c70bc37604f1:0xf509bcc4823373ae!8m2!3d36.0942329!4d-115.2109157!16s%2Fg%2F11tnhvg56m!19sChIJ8QR2wwvHyIARrnMzgsS8CfU?authuser=0&hl=en&rclk=1,No Website
Sin City Mobile Detailing,"Address: 631 N Stephanie St, Henderson, NV 89014 ",Phone: (702) 530-5743 ,https://welcome.sincitydetailing.com/,https://www.google.com/maps/place/Sin+City+Mobile+Detailing/data=!4m7!3m6!1s0x80c8d0ec52a06615:0x188d499391d11893!8m2!3d36.0664842!4d-115.0480587!16s%2Fg%2F11g8zqyhh6!19sChIJFWagUuzQyIARkxjRkZNJjRg?authuser=0&hl=en&rclk=1,Official Website
Paint Surgeons Mobile Detailing,"Address: 4201 E Craig Rd, North Las Vegas, NV 89030 ",Phone: (702) 238-9203 ,https://thebestdetail.com/paint-surgeons/,https://www.google.com/maps/place/Paint+Surgeons+Mobile+Detailing/data=!4m7!3m6!1s0x80c8dbdef0e9b71d:0xe3f5499fb6a325f2!8m2!3d36.2392336!4d-115.0831262!16s%2Fg%2F11pwqrzzhq!19sChIJHbfp8N7byIAR8iWjtp9J9eM?authuser=0&hl=en&rclk=1,Official Website
Rice Auto Detailing,"Address: 8476 Moondance Cellars Ct, Las Vegas, NV 89139 ",Phone: (702) 978-8422 ,https://riceautodetailing.com/,https://www.google.com/maps/place/Rice+Auto+Detailing/data=!4m7!3m6!1s0x4dbf1a13161f77ab:0xb30a91fdd9e0f035!8m2!3d36.0354874!4d-115.2030349!16s%2Fg%2F11v09msq0m!19sChIJq3cfFhMav00RNfDg2f2RCrM?authuser=0&hl=en&rclk=1,Official Website
TOP STAR Mobile Auto Detailing Las Vegas,,Phone: (702) 236-1357 ,https://www.topstardetailing.com/,https://www.google.com/maps/place/TOP+STAR+Mobile+Auto+Detailing+Las+Vegas/data=!4m7!3m6!1s0x48bfeb3ff024bf25:0x5e06f5b0662bcab0!8m2!3d36.149246!4d-115.1544701!16s%2Fg%2F11v1370r6l!19sChIJJb8k8D_rv0gRsMorZrD1Bl4?authuser=0&hl=en&rclk=1,Official Website
GOAT Automotive,"Address: 4440 S Arville St Suite 7, Las Vegas, NV 89103 ",Phone: (702) 587-9183 ,http://www.lasvegasmobiledetailer.com/,https://www.google.com/maps/place/GOAT+Automotive/data=!4m7!3m6!1s0x80c8c95209a5affb:0x25a2e8f8908a94a2!8m2!3d36.1094117!4d-115.1987068!16s%2Fg%2F11b7rxfdwb!19sChIJ-6-lCVLJyIARopSKkPjooiU?authuser=0&hl=en&rclk=1,Official Website
Venture Detail Auto Detailing and Car Wraps,"Address: 4320 W Desert Inn Rd Ste d, Las Vegas, NV 89102 ",Phone: (702) 552-8809 ,https://venturedetail.com/,https://www.google.com/maps/place/Venture+Detail+Auto+Detailing+and+Car+Wraps/data=!4m7!3m6!1s0x80c8c7375fe189fd:0x7494cd0272ce508!8m2!3d36.1304595!4d-115.1969287!16s%2Fg%2F11wc3v6191!19sChIJ_YnhXzfHyIARCOUsJ9BMSQc?authuser=0&hl=en&rclk=1,Official Website
Swangin Auto Detail LLC,"Address: 5622 Lago Ct, Las Vegas, NV 89118 ",Phone: (702) 413-3845 ,http://swanginlvautodetail.com/,https://www.google.com/maps/place/Swangin+Auto+Detail+LLC/data=!4m7!3m6!1s0x80c8c510583b089d:0xcce8d7e2911f5ce0!8m2!3d36.0955162!4d-115.2183914!16s%2Fg%2F11pc374lcf!19sChIJnQg7WBDFyIAR4FwfkeLX6Mw?authuser=0&hl=en&rclk=1,Official Website
High Roller Mobile Detailing,"Address: 10161 W Park Run Dr Ste 150, Las Vegas, NV 89145 ",Phone: (702) 530-1228 ,http://www.highrollermobiledetailing.com/,https://www.google.com/maps/place/High+Roller+Mobile+Detailing/data=!4m7!3m6!1s0x2fa966bf5254d35d:0x7cd502f8e0a94b9f!8m2!3d36.1607679!4d-115.3169837!16s%2Fg%2F11q8t6fr49!19sChIJXdNUUr9mqS8Rn0up4PgC1Xw?authuser=0&hl=en&rclk=1,Official Website
SEVEN STARS Mobile Car Detailing Las Vegas,,Phone: (702) 852-4510 ,http://sevenstarsdetailing.com/,https://www.google.com/maps/place/SEVEN+STARS+Mobile+Car+Detailing+Las+Vegas/data=!4m7!3m6!1s0x498081388f38516f:0x503d95c2ec122140!8m2!3d36.166129!4d-115.1496825!16s%2Fg%2F11wh54_xn7!19sChIJb1E4jziBgEkRQCES7MKVPVA?authuser=0&hl=en&rclk=1,Official Website
LFL Mobile Car Wash of Summerlin Vegas,,Phone: (702) 761-3690 ,https://www.mobilecarwashsummerlinlasvegas.com/,https://www.google.com/maps/place/LFL+Mobile+Car+Wash+of+Summerlin+Vegas/data=!4m7!3m6!1s0x871aea6552e83f57:0xa199dc795ae77fd7!8m2!3d35.9277595!4d-114.969872!16s%2Fg%2F11sj2r5s3x!19sChIJVz_oUmXqGocR13_nWnncmaE?authuser=0&hl=en&rclk=1,Official Website
Cargo Detailing Car Detailing Las Vegas,"Address: 3980 W Irvin Ave, Las Vegas, NV 89141 ",Phone: (702) 419-2648 ,http://cargomobiledetailing.com/,https://www.google.com/maps/place/Cargo+Detailing+Car+Detailing+Las+Vegas/data=!4m7!3m6!1s0x40ae911fc52272c1:0xc00a05997f80c21f!8m2!3d35.993621!4d-115.1922062!16s%2Fg%2F11s4yg406f!19sChIJwXIixR-RrkARH8KAf5kFCsA?authuser=0&hl=en&rclk=1,Official Website
Brothers Car Wash Mobile Detailing,"Address: 6140 Casper Sands Ct, North Las Vegas, NV 89031 ",Phone: (725) 228-7490 ,https://cardetailingnv.com/,https://www.google.com/maps/place/Brothers+Car+Wash+Mobile+Detailing/data=!4m7!3m6!1s0x80c8e910533739f5:0xc59d88735f999cd7!8m2!3d36.2724437!4d-115.1521073!16s%2Fg%2F11t5m58w3t!19sChIJ9Tk3UxDpyIAR15yZX3OIncU?authuser=0&hl=en&rclk=1,Official Website
R & J Extreme Mobile Car Wash LLC,"Address: 6113 Alamo Cir, Las Vegas, NV 89107 ",Phone: (702) 800-9447 ,https://www.randjextrememobilecarwash.com/,https://www.google.com/maps/place/R+%26+J+Extreme+Mobile+Car+Wash+LLC/data=!4m7!3m6!1s0x80c8c12aa38af8db:0x5c3a7d0809497a6c!8m2!3d36.1643544!4d-115.2247735!16s%2Fg%2F11kpr30hq0!19sChIJ2_iKoyrByIARbHpJCQh9Olw?authuser=0&hl=en&rclk=1,Official Website
The Best Detail,"Address: 3863 S Valley View Blvd Suite 44, Las Vegas, NV 89103 ",Phone: (702) 494-8097 ,http://www.thebestdetail.com/,https://www.google.com/maps/place/The+Best+Detail/data=!4m7!3m6!1s0x80c8c5f0ff488b31:0x4b0458a0b2990c10!8m2!3d36.120716!4d-115.1916023!16s%2Fg%2F11m_d0987l!19sChIJMYtI__DFyIAREAyZsqBYBEs?authuser=0&hl=en&rclk=1,Official Website
Mynt Mobile Detailing,"Address: 9205 W Russell Rd, Las Vegas, NV 89148 ",Phone: (702) 670-0793 ,https://www.myntmobiledetailing.com/,https://www.google.com/maps/place/Mynt+Mobile+Detailing/data=!4m7!3m6!1s0x80c8b963788d8937:0x576bafb930c232c7!8m2!3d36.0846196!4d-115.2931971!16s%2Fg%2F11hlmbgy05!19sChIJN4mNeGO5yIARxzLCMLmva1c?authuser=0&hl=en&rclk=1,Official Website
Diamond Plus Mobile Detailing,"Address: 3582 S Maryland Pkwy, Las Vegas, NV 89169 ",Phone: (702) 465-2640 ,http://diamondplusdetailing.com/,https://www.google.com/maps/place/Diamond+Plus+Mobile+Detailing/data=!4m7!3m6!1s0x80c8c5b41c7b6cc7:0x43e50a50307c167e!8m2!3d36.1238271!4d-115.1369083!16s%2Fg%2F11l2y5bhh9!19sChIJx2x7HLTFyIARfhZ8MFAK5UM?authuser=0&hl=en&rclk=1,Official Website
Detailers of Las Vegas,"Address: 6565 Spencer St # 104, Las Vegas, NV 89119 ",Phone: (702) 302-1800 ,http://www.detailersoflasvegas.com/,https://www.google.com/maps/place/Detailers+of+Las+Vegas/data=!4m7!3m6!1s0x80c8cf89a65c2cc5:0xc61102d7f0fc16e0!8m2!3d36.0706374!4d-115.1283919!16s%2Fg%2F11hbv4h4f2!19sChIJxSxcponPyIAR4Bb88NcCEcY?authuser=0&hl=en&rclk=1,Official Website
Wax warriors Mobile Detailing,"Address: 3150 S Decatur Blvd, Las Vegas, NV 89102 ",Phone: (702) 355-4597 ,http://allcitymobileautodetailing.com/?utm_source=gmb&utm_medium=referral,https://www.google.com/maps/place/Wax+warriors+Mobile+Detailing/data=!4m7!3m6!1s0x2a1b8a7aef5625d9:0xb06d98abe9fa4de8!8m2!3d36.1322978!4d-115.2064695!16s%2Fg%2F11sww_t3c9!19sChIJ2SVW73qKGyoR6E366auYbbA?authuser=0&hl=en&rclk=1,Official Website
First Place Finish Mobile Detailing,,Phone: (702) 755-0523 ,http://www.firstplacefinish.net/,https://www.google.com/maps/place/First+Place+Finish+Mobile+Detailing/data=!4m7!3m6!1s0x81b8a52b6101bd05:0xe11903bd8a3b4880!8m2!3d36.149246!4d-115.1544701!16s%2Fg%2F11v0nknn7n!19sChIJBb0BYSuluIERgEg7ir0DGeE?authuser=0&hl=en&rclk=1,Official Website
Milkyway Detailz Mobile Detailing,"Address: 1621 Euclid Ave, Las Vegas, NV 89104 ",Phone: (702) 619-0215 ,https://www.milkywaydetailz.com/,https://www.google.com/maps/place/Milkyway+Detailz+Mobile+Detailing/data=!4m7!3m6!1s0x4e2d6798c1f4d151:0x44851b55ce7abd93!8m2!3d36.1512717!4d-115.1159213!16s%2Fg%2F11x7z9rx5m!19sChIJUdH0wZhnLU4Rk716zlUbhUQ?authuser=0&hl=en&rclk=1,Official Website
Upper Echelon Mobile Detail LLC,,Phone: (725) 203-9023 ,https://www.upperechelonmobiledetail.com/,https://www.google.com/maps/place/Upper+Echelon+Mobile+Detail+LLC/data=!4m7!3m6!1s0x813564765410d3d5:0x317c744007ececb5!8m2!3d36.166129!4d-115.1496886!16s%2Fg%2F11rssdrpm4!19sChIJ1dMQVHZkNYERtezsB0B0fDE?authuser=0&hl=en&rclk=1,Official Website
JS Detailing Pro - (Mobile Detailing & Auto Body Repair),"Address: 4461 E Charleston Blvd, Las Vegas, NV 89104 ",Phone: (702) 468-7425 ,http://www.jsdetailingpro.com/,https://www.google.com/maps/place/JS+Detailing+Pro+-+%28Mobile+Detailing+%26+Auto+Body+Repair%29/data=!4m7!3m6!1s0x80c8dbb775d07123:0x4dfce7b21cdbcb06!8m2!3d36.1580258!4d-115.076966!16s%2Fg%2F11lrtm17rj!19sChIJI3HQdbfbyIARBsvbHLLn_E0?authuser=0&hl=en&rclk=1,Official Website
EXCLUS1VE DETAILING,,Phone: (702) 265-9809 ,,https://www.google.com/maps/place/EXCLUS1VE+DETAILING/data=!4m7!3m6!1s0x89ab6ba7d4ea9b3b:0x1abec3cc9d05448e!8m2!3d46.423669!4d-129.9427086!16s%2Fg%2F11h4lc8jj1!19sChIJO5vq1Kdrq4kRjkQFnczDvho?authuser=0&hl=en&rclk=1,No Website
Matadamas Mobile Car Wash - Las Vegas NV,,Phone: (702) 302-7071 ,,https://www.google.com/maps/place/Matadamas+Mobile+Car+Wash+-+Las+Vegas+NV/data=!4m4!3m3!1s0x80c8c1a272467b09:0xa9f460c96ef787bc!16s%2Fg%2F11c45fkxfs!19sChIJCXtGcqLByIARvIf3bslg9Kk?authuser=0&hl=en&rclk=1,No Website
Always Fresh Mobile Detailing,,Phone: (702) 570-3440 ,https://www.alwaysfreshlv.com/,https://www.google.com/maps/place/Always+Fresh+Mobile+Detailing/data=!4m7!3m6!1s0x61e3a8d45df9ffef:0x91dcef774c05e49f!8m2!3d36.166129!4d-115.1688206!16s%2Fg%2F11vjwzswqc!19sChIJ7__5XdSo42ERn-QFTHfv3JE?authuser=0&hl=en&rclk=1,Official Website
GLOW MOBILE DETAILING - AUTO DETAILING,"Address: 3655 W Tropicana Ave, Las Vegas, NV 89103 ",Phone: (702) 900-6987 ,,https://www.google.com/maps/place/GLOW+MOBILE+DETAILING+-+AUTO+DETAILING/data=!4m7!3m6!1s0x80c8c42a9689538b:0xb70752fbc4e77686!8m2!3d36.1003808!4d-115.1884005!16s%2Fg%2F11gz_gwkz!19sChIJi1OJlirEyIARhnbnxPtSB7c?authuser=0&hl=en&rclk=1,No Website
Espinosa's Mobile Auto Detail,"Address: 332 Greenbriar Townhouse Way, Las Vegas, NV 89121 ",Phone: (702) 375-6735 ,,https://www.google.com/maps/place/Espinosa%27s+Mobile+Auto+Detail/data=!4m7!3m6!1s0x80c8db335cf31799:0x79ac0fd19f6b43b4!8m2!3d36.135365!4d-115.092834!16s%2Fg%2F1262ryhv6!19sChIJmRfzXDPbyIARtENrn9EPrHk?authuser=0&hl=en&rclk=1,No Website
First Class Mobile Detail,,Phone: (725) 273-6545 ,http://www.firstclassdetail702.com/,https://www.google.com/maps/place/First+Class+Mobile+Detail/data=!4m7!3m6!1s0x2d48765eda4091f7:0xfa2dc561dc238f66!8m2!3d36.166129!4d-115.1496886!16s%2Fg%2F11ksp249q9!19sChIJ95FA2l52SC0RZo8j3GHFLfo?authuser=0&hl=en&rclk=1,Official Website
Fresh Detail LV Car Detailing Las Vegas,"Address: 4350 Arville St ste 480, Las Vegas, NV 89103 ",Phone: (702) 624-7266 ,https://book.freshdetaillv.com/,https://www.google.com/maps/place/Fresh+Detail+LV+Car+Detailing+Las+Vegas/data=!4m7!3m6!1s0x6f45147f61a23017:0x779e9794ba2e7329!8m2!3d36.1103365!4d-115.1976056!16s%2Fg%2F11tc8_dkj0!19sChIJFzCiYX8URW8RKXMuupSXnnc?authuser=0&hl=en&rclk=1,Official Website
MADhouse Detailing & Customs,"Address: 2310 S Highland Dr Suite # 160, Las Vegas, NV 89102 ",Phone: (702) 540-5841 ,http://www.madlv.com/,https://www.google.com/maps/place/MADhouse+Detailing+%26+Customs/data=!4m7!3m6!1s0x80c8c67fb15f66c7:0xb5999a243f3fcd60!8m2!3d36.1470186!4d-115.1678437!16s%2Fg%2F1tctfwvj!19sChIJx2ZfsX_GyIARYM0_PySambU?authuser=0&hl=en&rclk=1,Official Website
Amazingly Klean Mobile Detailing and Pressure Washing,,Phone: (702) 339-1090 ,http://amazinglyklean.com/,https://www.google.com/maps/place/Amazingly+Klean+Mobile+Detailing+and+Pressure+Washing/data=!4m7!3m6!1s0x6986dbb9cd7d4593:0x1f0a763fc186c926!8m2!3d36.2655174!4d-115.2343695!16s%2Fg%2F11rp_gg7hp!19sChIJk0V9zbnbhmkRJsmGwT92Ch8?authuser=0&hl=en&rclk=1,Official Website
Pop Stealth Mobile Auto Detailing,,Phone: (725) 213-8512 ,http://popstealthauto.com/,https://www.google.com/maps/place/Pop+Stealth+Mobile+Auto+Detailing/data=!4m7!3m6!1s0xa1e2d752861e65bd:0x5701f1532abc8955!8m2!3d36.2655174!4d-115.2343695!16s%2Fg%2F11y8_5w1zj!19sChIJvWUehlLX4qERVYm8KlPxAVc?authuser=0&hl=en&rclk=1,Official Website
Milyun Mobile Auto Details,"Address: 1432 Henry Ave, Las Vegas, NV 89110 ",Phone: (702) 236-7444 ,,https://www.google.com/maps/place/Milyun+Mobile+Auto+Details/data=!4m7!3m6!1s0x54dbe543bceec99:0x42296a917820a8a!8m2!3d36.1861254!4d-115.0883695!16s%2Fg%2F11jsnxy0k_!19sChIJmezOO1S-TQURigqCF6mWIgQ?authuser=0&hl=en&rclk=1,No Website
One Call Mobile Detailing,"Address: 713 Artie St, Las Vegas, NV 89107 ",Phone: (702) 340-6687 ,https://www.one-call-mobile-detailing.com/,https://www.google.com/maps/place/One+Call+Mobile+Detailing/data=!4m7!3m6!1s0xa2df8341345f5739:0x67ab8e62a606c68b!8m2!3d36.1799178!4d-115.2231639!16s%2Fg%2F11wp6fj84p!19sChIJOVdfNEGD36IRi8YGpmKOq2c?authuser=0&hl=en&rclk=1,Official Website
Boulevard Shine Mobile Auto Detailing,,Phone: (702) 493-1301 ,http://boulevardshine.com/,https://www.google.com/maps/place/Boulevard+Shine+Mobile+Auto+Detailing/data=!4m7!3m6!1s0x4c649cfbc8b67e6b:0x49c42a67f27ba9a7!8m2!3d36.2453412!4d-115.1496886!16s%2Fg%2F11q3vp6_x_!19sChIJa362yPucZEwRp6l78mcqxEk?authuser=0&hl=en&rclk=1,Official Website
Perfect Finish Detailing (Mobile Detailing And Ceramic Coatings) Las Vegas,,Phone: (702) 482-1680 ,https://perfectfinishdetailinglv.com/?utm_source=GBP,https://www.google.com/maps/place/Perfect+Finish+Detailing+%28Mobile+Detailing+And+Ceramic+Coatings%29+Las+Vegas/data=!4m7!3m6!1s0x80c8c1f02845bc85:0x2c4d819a76ed1c8b!8m2!3d36.0561135!4d-115.0880966!16s%2Fg%2F11flm_vww5!19sChIJhbxFKPDByIARixztdpqBTSw?authuser=0&hl=en&rclk=1,Official Website
Vegas Mobile Car Wash & Detailing,,Phone: (702) 272-9465 ,,https://www.google.com/maps/place/Vegas+Mobile+Car+Wash+%26+Detailing/data=!4m7!3m6!1s0x8c67c9595d3d4589:0x98c511c825a697eb!8m2!3d36.149246!4d-115.154464!16s%2Fg%2F11vws16pfb!19sChIJiUU9XVnJZ4wR65emJcgRxZg?authuser=0&hl=en&rclk=1,No Website
Larry's Mobile Detailing - NV,"Address: 1856 Zircon Ridge Ct, Las Vegas, NV 89106 ",Phone: (702) 860-3628 ,http://lmd-nv.com/,https://www.google.com/maps/place/Larry%27s+Mobile+Detailing+-+NV/data=!4m7!3m6!1s0x80c8e9bef5a42177:0xffaf24d5d192ad72!8m2!3d36.192245!4d-115.16634!16s%2Fg%2F11b5s2d_n7!19sChIJdyGk9b7pyIARcq2S0dUkr_8?authuser=0&hl=en&rclk=1,Official Website
"Top Notch Mobile Detailing, LLC",,Phone: (609) 553-1718 ,https://www.topnotchdetailing.org/,"https://www.google.com/maps/place/Top+Notch+Mobile+Detailing,+LLC/data=!4m7!3m6!1s0xc45094e0db0b50d:0x992803041cf22e75!8m2!3d33.731282!4d-84.3278885!16s%2Fg%2F11twlvkj80!19sChIJDbWwDU4JRQwRdS7yHAQDKJk?authuser=0&hl=en&rclk=1",Official Website
Master Auto Shine | Mobile Auto Detailing and Ceramic Coatings,,Phone: (480) 233-4518 ,https://masterautoshine.com/,https://www.google.com/maps/place/Master+Auto+Shine+%7C+Mobile+Auto+Detailing+and+Ceramic+Coatings/data=!4m7!3m6!1s0x69ccfa4cb4c39d1:0xcd208c8e9940ba69!8m2!3d36.166129!4d-115.1496825!16s%2Fg%2F11xg3x09ny!19sChIJ0TlMy6TPnAYRabpAmY6MIM0?authuser=0&hl=en&rclk=1,Official Website
Mexican mobile car wash Llc,"Address: 6300 W Tropicana Ave #349, Las Vegas, NV 89103 ",Phone: (702) 910-1099 ,https://mexicanmobilecarwashllc.as.me/,https://www.google.com/maps/place/Mexican+mobile+car+wash+Llc/data=!4m7!3m6!1s0x80c8c7b68e82e301:0xe18e737a27338a94!8m2!3d36.1011898!4d-115.231579!16s%2Fg%2F11vz2h4yq5!19sChIJAeOCjrbHyIARlIozJ3pzjuE?authuser=0&hl=en&rclk=1,Official Website
Immaculate Auto Detailing and Ceramic Coating,"Address: 5045 Sock Hop Way, North Las Vegas, NV 89031 ",Phone: (702) 580-6168 ,https://www.immaculateautodetailing.net/,https://www.google.com/maps/place/Immaculate+Auto+Detailing+and+Ceramic+Coating/data=!4m7!3m6!1s0x6092a69c368bc791:0x909ca58ffe3bb6de!8m2!3d36.252025!4d-115.2051033!16s%2Fg%2F11tdkd0vl0!19sChIJkceLNpymkmAR3rY7_o-lnJA?authuser=0&hl=en&rclk=1,Official Website
Hands On Mobile Detail,,Phone: (702) 377-5087 ,https://www.handsonmobiledetailing.com/,https://www.google.com/maps/place/Hands+On+Mobile+Detail/data=!4m7!3m6!1s0x3186b835dd36165:0x48359bc112168f62!8m2!3d36.149246!4d-115.1544701!16s%2Fg%2F11sw2rvbq6!19sChIJZWHTXYNrGAMRYo8WEsGbNUg?authuser=0&hl=en&rclk=1,Official Website
Royal Auto Detailing,,Phone: (725) 500-7234 ,https://www.royalautodetailinglasvegas.com/,https://www.google.com/maps/place/Royal+Auto+Detailing/data=!4m7!3m6!1s0x255ea6eefc15b2d3:0x82ff64373523da43!8m2!3d36.0392304!4d-115.0880905!16s%2Fg%2F11vy31d91l!19sChIJ07IV_O6mXiURQ9ojNTdk_4I?authuser=0&hl=en&rclk=1,Official Website
Sapphire Mobile Car Detailing,"Address: 3355 Spring Mountain Rd, Las Vegas, NV 89102 ",Phone: (702) 981-9879 ,,https://www.google.com/maps/place/Sapphire+Mobile+Car+Detailing/data=!4m7!3m6!1s0x80c8c5cc06f02ea5:0xfecc3bbfa478c67d!8m2!3d36.12581!4d-115.18484!16s%2Fg%2F11x8zmf11d!19sChIJpS7wBszFyIARfcZ4pL87zP4?authuser=0&hl=en&rclk=1,No Website
Posh Auto Styling,"Address: 500 S Buffalo Dr, Las Vegas, NV 89145 ",Phone: (702) 333-3642 ,http://poshautostyling.com/,https://www.google.com/maps/place/Posh+Auto+Styling/data=!4m7!3m6!1s0x80c8c184ab132f25:0x3cc7ffc07a027e11!8m2!3d36.1660617!4d-115.2593778!16s%2Fg%2F11v0xjjlb8!19sChIJJS8Tq4TByIAREX4CesD_xzw?authuser=0&hl=en&rclk=1,Official Website
Coco Detailers,"Address: 5576 W Rochelle Ave. APT 33D, Las Vegas, NV 89103 ",Phone: (702) 888-0406 ,https://vegasautodetailer.com/,https://www.google.com/maps/place/Coco+Detailers/data=!4m7!3m6!1s0x80c8c7c60d789c43:0x42d5e6d03f36614e!8m2!3d36.112568!4d-115.2175075!16s%2Fg%2F11zj8n1065!19sChIJQ5x4DcbHyIARTmE2P9Dm1UI?authuser=0&hl=en&rclk=1,Official Website
ABC Mobile Detail,"Address: 499 N Lamb Blvd #212, Las Vegas, NV 89110 ",Phone: (702) 901-1359 ,,https://www.google.com/maps/place/ABC+Mobile+Detail/data=!4m7!3m6!1s0x80c8dd3e22f652d7:0x946bf79d26890f74!8m2!3d36.1705396!4d-115.0812262!16s%2Fg%2F11h01t2n2l!19sChIJ11L2Ij7dyIARdA-JJp33a5Q?authuser=0&hl=en&rclk=1,No Website
Brush It Off Mobile Auto Detailing,,Phone: (702) 773-9362 ,,https://www.google.com/maps/place/Brush+It+Off+Mobile+Auto+Detailing/data=!4m7!3m6!1s0x80c8ebd81c04f9df:0x1b1147e280078003!8m2!3d36.2655174!4d-115.2343695!16s%2Fg%2F11nf_nbfk2!19sChIJ3_kEHNjryIARA4AHgOJHERs?authuser=0&hl=en&rclk=1,No Website
Spirit of Xcellence Mobile Detail,,Phone: (725) 318-6473 ,https://spiritofxcellence.com/,https://www.google.com/maps/place/Spirit+of+Xcellence+Mobile+Detail/data=!4m7!3m6!1s0x702da8cbd446547:0xe7b14710174d26e0!8m2!3d36.166129!4d-115.1496886!16s%2Fg%2F11y4w4y4tt!19sChIJR2VEvYzaAgcR4CZNFxBHsec?authuser=0&hl=en&rclk=1,Official Website
Clean N Go mobile service,,Phone: (702) 472-4571 ,http://www.cleanngolasvegas.com/,https://www.google.com/maps/place/Clean+N+Go+mobile+service/data=!4m7!3m6!1s0x80c8db84bc10bd9d:0x554c38c97798fb91!8m2!3d36.2655174!4d-115.2343695!16s%2Fg%2F11kfbvqwm1!19sChIJnb0QvITbyIARkfuYd8k4TFU?authuser=0&hl=en&rclk=1,Official Website
3 IN ONE LLC| Mobile Detailing Services,,Phone: (775) 537-5149 ,https://rudolphoutlaw.com/,https://www.google.com/maps/place/3+IN+ONE+LLC%7C+Mobile+Detailing+Services/data=!4m7!3m6!1s0x64031bb8b8893647:0xa3fcbaafc8e74c0a!8m2!3d36.214659!4d-115.2343695!16s%2Fg%2F11kk6c4q8g!19sChIJRzaJuLgbA2QRCkznyK-6_KM?authuser=0&hl=en&rclk=1,Official Website
The Sudfather Mobile Detailing,,Phone: (808) 736-5504 ,https://thesudfathermobiledetailing.com/,https://www.google.com/maps/place/The+Sudfather+Mobile+Detailing/data=!4m7!3m6!1s0x80c8c9cc665e5775:0x88e27f117c16e5b7!8m2!3d36.2655174!4d-115.2343695!16s%2Fg%2F11xgzlh363!19sChIJdVdeZszJyIARt-UWfBF_4og?authuser=0&hl=en&rclk=1,Official Website
Dr. Suds Mobile Detailing,,Phone: (702) 785-3466 ,,https://www.google.com/maps/place/Dr.+Suds+Mobile+Detailing/data=!4m7!3m6!1s0x80c8c739307b233d:0x9d47f122147dae2f!8m2!3d35.9277595!4d-114.969872!16s%2Fg%2F11hbnf422n!19sChIJPSN7MDnHyIARL659FCLxR50?authuser=0&hl=en&rclk=1,No Website
Halos Detailing,,Phone: (737) 216-3203 ,,https://www.google.com/maps/place/Halos+Detailing/data=!4m7!3m6!1s0x80c8ea1250f98321:0x72189f0076e3e95!8m2!3d30.4140535!4d-97.711041!16s%2Fg%2F11ddwy3j0k!19sChIJIYP5UBLqyIARlT5uB_CJIQc?authuser=0&hl=en&rclk=1,No Website
Vegas Auto Salon,"Address: 6718 W Sunset Rd, Las Vegas, NV 89118 ",Phone: (702) 902-7373 ,http://vegasautosalon.com/,https://www.google.com/maps/place/Vegas+Auto+Salon/data=!4m7!3m6!1s0x80c8c97fafa59487:0xed6ac7922191ba82!8m2!3d36.0720667!4d-115.2382239!16s%2Fg%2F11s1rh69pp!19sChIJh5Slr3_JyIARgrqRIZLHau0?authuser=0&hl=en&rclk=1,Official Website
Franco Mobile Car Wash and Detailing,"Address: 2929 Las Vegas Blvd N, North Las Vegas, NV 89030 ",Phone: (702) 918-1417 ,,https://www.google.com/maps/place/Franco+Mobile+Car+Wash+and+Detailing/data=!4m7!3m6!1s0x80c8dd74b70b6e97:0x7a62055fa323a5ef!8m2!3d36.2135356!4d-115.1011769!16s%2Fg%2F11w3j30zqf!19sChIJl24Lt3TdyIAR76Ujo18FYno?authuser=0&hl=en&rclk=1,No Website
On The Spot Mobile Detail,,Phone: (702) 340-5789 ,,https://www.google.com/maps/place/On+The+Spot+Mobile+Detail/data=!4m7!3m6!1s0x80c8c7312ad13e99:0x62f3661c44383771!8m2!3d34.4681358!4d-116.86517!16s%2Fg%2F11jkrtbvvk!19sChIJmT7RKjHHyIARcTc4RBxm82I?authuser=0&hl=en&rclk=1,No Website
Immaculate Auto Detailing And Ceramic Coating - Southern Highlands,"Address: 213 Yellow Sky St, Las Vegas, NV 89145 ",Phone: (725) 326-7492 ,https://www.thefirstdetail.com/,https://www.google.com/maps/place/Immaculate+Auto+Detailing+And+Ceramic+Coating+-+Southern+Highlands/data=!4m7!3m6!1s0x6618f63e9119d025:0x75b42be37187f6a9!8m2!3d36.1717242!4d-115.2572473!16s%2Fg%2F11t79l3nky!19sChIJJdAZkT72GGYRqfaHceMrtHU?authuser=0&hl=en&rclk=1,Official Website
Luxe Mobile Detailing,"Address: 3582 S Maryland Pkwy, Las Vegas, NV 89169 ",Phone: (702) 521-8527 ,https://www.luxedetailinglv.com/,https://www.google.com/maps/place/Luxe+Mobile+Detailing/data=!4m7!3m6!1s0x489ac41e4e65533:0x585c1deb8d2451e2!8m2!3d36.1238271!4d-115.1369083!16s%2Fg%2F11xd2dmrdz!19sChIJM1Xm5EGsiQQR4lEkjesdXFg?authuser=0&hl=en&rclk=1,Official Website
Urban Mobile Auto Spa and Detail,"Address: 6960 N 5th St #1054, North Las Vegas, NV 89084 ",Phone: (702) 265-6676 ,,https://www.google.com/maps/place/Urban+Mobile+Auto+Spa+and+Detail/data=!4m7!3m6!1s0x80c8e9a96fd0d105:0x50550ba14d719483!8m2!3d36.2870937!4d-115.1328677!16s%2Fg%2F11tmsnzbsw!19sChIJBdHQb6npyIARg5RxTaELVVA?authuser=0&hl=en&rclk=1,No Website
Unique Detailing ( Mobile Auto Car Care ),,Phone: (702) 677-5482 ,http://www.uniquedetailinglv.com/,https://www.google.com/maps/place/Unique+Detailing+%28+Mobile+Auto+Car+Care+%29/data=!4m7!3m6!1s0x80c8c34d5f48e379:0xf5e59ee4ecc563e!8m2!3d36.2824005!4d-115.1496825!16s%2Fg%2F11cn06fsm7!19sChIJeeNIX03DyIARPlbMTu5ZXg8?authuser=0&hl=en&rclk=1,Official Website
Black Glove Auto Spa,,Phone: (702) 501-9411 ,http://blackgloveautospa.com/,https://www.google.com/maps/place/Black+Glove+Auto+Spa/data=!4m7!3m6!1s0x80c8c9fd616d3765:0xcd9523dc146aded6!8m2!3d36.149246!4d-115.1736021!16s%2Fg%2F11nm9l40rm!19sChIJZTdtYf3JyIAR1t5qFNwjlc0?authuser=0&hl=en&rclk=1,Official Website
Perfect Shine Auto Detailing,,Phone: (702) 518-1017 ,https://perfect-shine-auto-detailing-llc.square.site/,https://www.google.com/maps/place/Perfect+Shine+Auto+Detailing/data=!4m7!3m6!1s0xa8c4acebd9d89c47:0xb1ab1df35d10f2cc!8m2!3d36.166129!4d-115.1688206!16s%2Fg%2F11s9phg_wx!19sChIJR5zY2eusxKgRzPIQXfMdq7E?authuser=0&hl=en&rclk=1,Official Website
KRB Mobile Detailing,,Phone: (626) 677-7804 ,,https://www.google.com/maps/place/KRB+Mobile+Detailing/data=!4m7!3m6!1s0x8789e1ecc9458e99:0x6678f4afe46587f3!8m2!3d36.2655174!4d-115.2343695!16s%2Fg%2F11ydqcwm51!19sChIJmY5FyezhiYcR84dl5K_0eGY?authuser=0&hl=en&rclk=1,No Website
Monstruo mobile detailing,,Phone: (702) 344-9633 ,,https://www.google.com/maps/place/Monstruo+mobile+detailing/data=!4m7!3m6!1s0x8a69ad97fcb635:0x48383c4457bcb82d!8m2!3d36.166129!4d-115.1496825!16s%2Fg%2F11shcpxpfd!19sChIJNbb8l61pigARLbi8V0Q8OEg?authuser=0&hl=en&rclk=1,No Website
Las Vegas mobile detailers,,Phone: (812) 307-9850 ,,https://www.google.com/maps/place/Las+Vegas+mobile+detailers/data=!4m7!3m6!1s0x80c8c7694e36a785:0x91e0eaf4df1e1e40!8m2!3d35.927758!4d-114.9698486!16s%2Fg%2F11rx1nft24!19sChIJhac2TmnHyIARQB4e3_Tq4JE?authuser=0&hl=en&rclk=1,No Website
Care 4 Details,"Address: 3604 Guinevere Ave, Las Vegas, NV 89110 ",Phone: (702) 377-1422 ,https://app.squareup.com/appointments/book/2ts29t9ppo7oto/LDC78XDZ50GQT/start,https://www.google.com/maps/place/Care+4+Details/data=!4m7!3m6!1s0xade5e5315c141043:0x31990540876e6efb!8m2!3d36.1858119!4d-115.096156!16s%2Fg%2F11ldmggtv7!19sChIJQxAUXDHl5a0R-25uh0AFmTE?authuser=0&hl=en&rclk=1,Official Website
Battle Born Mobile Auto Detailing,,Phone: (725) 336-0233 ,https://battle-born-mobile-auto-detailing.square.site/,https://www.google.com/maps/place/Battle+Born+Mobile+Auto+Detailing/data=!4m7!3m6!1s0xf56da2f7fe05ba3:0x6c3a3f5687d9bd82!8m2!3d36.166129!4d-115.1496886!16s%2Fg%2F11m6t67vxd!19sChIJo1vgfy_aVg8Rgr3Zh1Y_Omw?authuser=0&hl=en&rclk=1,Official Website
Tech Auto Detail,"Address: 2535 S Torrey Pines Dr Suite 2, Las Vegas, NV 89146 ",Phone: (702) 490-1009 ,,https://www.google.com/maps/place/Tech+Auto+Detail/data=!4m7!3m6!1s0x80c8c1c79cd582d7:0x94d238b09e35ddaa!8m2!3d36.1431942!4d-115.2343726!16s%2Fg%2F11mb6cgz6k!19sChIJ14LVnMfByIARqt01nrA40pQ?authuser=0&hl=en&rclk=1,No Website
Prime Mobile Auto Detail,,Phone: (702) 714-3068 ,,https://www.google.com/maps/place/Prime+Mobile+Auto+Detail/data=!4m7!3m6!1s0x80c8ddcf48e5028d:0x6ece64d41f01bf76!8m2!3d36.166129!4d-115.1688206!16s%2Fg%2F11rwmwg69b!19sChIJjQLlSM_dyIARdr8BH9Rkzm4?authuser=0&hl=en&rclk=1,No Website
Exclusive Auto Detailing and Ceramic Coating | Mobile Service,,Phone: (775) 901-6063 ,https://exclusivemobiledetails.net/,https://www.google.com/maps/place/Exclusive+Auto+Detailing+and+Ceramic+Coating+%7C+Mobile+Service/data=!4m7!3m6!1s0x6f34b36142ea6bfd:0x9ff2e3e99c1f67b6!8m2!3d36.2242424!4d-115.1496886!16s%2Fg%2F11x32rs5n4!19sChIJ_WvqQmGzNG8RtmcfnOnj8p8?authuser=0&hl=en&rclk=1,Official Website
Mobile Detailing Las Vegas,,Phone: (702) 745-5851 ,https://www.mobiledetailinglasvegas.com/,https://www.google.com/maps/place/Mobile+Detailing+Las+Vegas/data=!4m7!3m6!1s0x80c8c7b95d653519:0x80eab823d28a852a!8m2!3d36.149246!4d-115.154464!16s%2Fg%2F11fpvc8g3j!19sChIJGTVlXbnHyIARKoWK0iO46oA?authuser=0&hl=en&rclk=1,Official Website
Royalty Auto Spa,"Address: 4305 Dean Martin Dr Ste 185, Las Vegas, NV 89103 ",Phone: (702) 718-7321 ,https://www.royaltyautospa.com/,https://www.google.com/maps/place/Royalty+Auto+Spa/data=!4m7!3m6!1s0x80c8c5fc3fe91477:0x9607be0b6a8c5be3!8m2!3d36.1115355!4d-115.1821536!16s%2Fg%2F11mtjfjttm!19sChIJdxTpP_zFyIAR41uMagu-B5Y?authuser=0&hl=en&rclk=1,Official Website
Wild West Mobile Detailing,,Phone: (702) 918-8381 ,,https://www.google.com/maps/place/Wild+West+Mobile+Detailing/data=!4m7!3m6!1s0xbcc73adb8ecb681:0xf161540b4dcfe80a!8m2!3d36.2655174!4d-115.2343695!16s%2Fg%2F11vs9t4whn!19sChIJgbbsuK1zzAsRCujPTQtUYfE?authuser=0&hl=en&rclk=1,No Website
Pressure On Mobile Detailing,"Address: 1915 Simmons St, Las Vegas, NV 89106 ",Phone: (702) 782-3777 ,https://instagram.com/pressureon.mobiledetailing?igshid=YmMyMTA2M2Y=,https://www.google.com/maps/place/Pressure+On+Mobile+Detailing/data=!4m7!3m6!1s0x85fb3ea9fc8809af:0xa85ff858adb21ae9!8m2!3d36.1927158!4d-115.1820752!16s%2Fg%2F11scmx0xcr!19sChIJrwmI_Kk--4UR6RqyrVj4X6g?authuser=0&hl=en&rclk=1,Platform Only
Resilient Auto Detail,"Address: 9061 Camp Light Ave, Las Vegas, NV 89149 ",Phone: (702) 423-5870 ,https://resilientautodetail.com/,https://www.google.com/maps/place/Resilient+Auto+Detail/data=!4m7!3m6!1s0x80c893847ac8e8f1:0x5b982fad63c22a38!8m2!3d36.2901605!4d-115.2940014!16s%2Fg%2F11pc05tycs!19sChIJ8ejIeoSTyIAROCrCY60vmFs?authuser=0&hl=en&rclk=1,Official Website
Magic Mobile Car Wash,,Phone: (702) 239-2710 ,http://www.magicmobilecarwashco.com/,https://www.google.com/maps/place/Magic+Mobile+Car+Wash/data=!4m7!3m6!1s0x80c8e933f9fcf59b:0xcdc5ae8c7261a7d!8m2!3d36.3100404!4d-115.0525004!16s%2Fg%2F11j3tx4jrm!19sChIJm_X8-TPpyIARfRomx-ha3Aw?authuser=0&hl=en&rclk=1,Official Website
Gloss-It Auto Detailing Studio,"Address: 5032 W Post Rd, Las Vegas, NV 89118 ",Phone: (702) 252-4000 ,http://gidetail.com/,https://www.google.com/maps/place/Gloss-It+Auto+Detailing+Studio/data=!4m7!3m6!1s0x80c8c67ece26fb09:0xde35b0af11005a7a!8m2!3d36.07618!4d-115.209244!16s%2Fg%2F1thw6_xk!19sChIJCfsmzn7GyIAReloAEa-wNd4?authuser=0&hl=en&rclk=1,Official Website
A TOUCH OF GUCCI MOBILE AUTO SPA AND DETAIL,,Phone: (760) 927-8384 ,,https://www.google.com/maps/place/A+TOUCH+OF+GUCCI+MOBILE+AUTO+SPA+AND+DETAIL/data=!4m7!3m6!1s0x80c8c30249bc2c49:0x3ba318da271d2d63!8m2!3d36.166129!4d-115.1496825!16s%2Fg%2F11m40xk_nr!19sChIJSSy8SQLDyIARYy0dJ9oYozs?authuser=0&hl=en&rclk=1,No Website
M&M Mobile Detailing and Ceramic Coating,"Address: 1020 E Charleston Blvd, Las Vegas, NV 89104 ",Phone: (702) 750-7314 ,,https://www.google.com/maps/place/M%26M+Mobile+Detailing+and+Ceramic+Coating/data=!4m7!3m6!1s0x80c8c309dda3f81d:0x5d335c719c59c27e!8m2!3d36.1585099!4d-115.139052!16s%2Fg%2F11rwj2x51d!19sChIJHfij3QnDyIARfsJZnHFcM10?authuser=0&hl=en&rclk=1,No Website
Reflectionz Detail Las Vegas & CeramicPro,"Address: 5445 Desert Point Dr Unit B, Las Vegas, NV 89118 ",Phone: (702) 444-4185 ,https://www.reflectionzdetail.com/,https://www.google.com/maps/place/Reflectionz+Detail+Las+Vegas+%26+CeramicPro/data=!4m7!3m6!1s0x80c8c733bff7da47:0xdd7d27009c2becd9!8m2!3d36.0908337!4d-115.2013288!16s%2Fg%2F11f6f_z5zw!19sChIJR9r3vzPHyIAR2ewrnAAnfd0?authuser=0&hl=en&rclk=1,Official Website
Ngenious Car Care,,Phone: (725) 212-7644 ,https://ngeniouscarcare.com/,https://www.google.com/maps/place/Ngenious+Car+Care/data=!4m7!3m6!1s0x80c8c3a670a5ff7b:0xf4c2ae5f7555b2dd!8m2!3d36.0692914!4d-115.2788507!16s%2Fg%2F11l9jyc306!19sChIJe_-lcKbDyIAR3bJVdV-uwvQ?authuser=0&hl=en&rclk=1,Official Website
Detail Kings,"Address: 3008 Plaza De Monte, Las Vegas, NV 89102 ",Phone: (702) 285-8093 ,http://detailkings-lv.com/,https://www.google.com/maps/place/Detail+Kings/data=!4m7!3m6!1s0x80c8bf87cb362333:0xc3baea48c1084853!8m2!3d36.1496797!4d-115.1818184!16s%2Fg%2F11b7k3px3_!19sChIJMyM2y4e_yIARU0gIwUjqusM?authuser=0&hl=en&rclk=1,Official Website
Laurias Mobile Car Detailing,,Phone: (725) 256-3224 ,https://www.lauriasmobiledetailing.com/,https://www.google.com/maps/place/Laurias+Mobile+Car+Detailing/data=!4m7!3m6!1s0xa93f36c7616d8617:0x385f89e4d93cff84!8m2!3d36.136568!4d-115.4988125!16s%2Fg%2F11x6w9x8_f!19sChIJF4ZtYcc2P6kRhP882eSJXzg?authuser=0&hl=en&rclk=1,Official Website
Lo's Mobile Detailing,,Phone: (702) 591-2076 ,https://lomobiledetail.squarespace.com/,https://www.google.com/maps/place/Lo%27s+Mobile+Detailing/data=!4m7!3m6!1s0x4fb9616aca10f449:0xbb3a3550c6402999!8m2!3d36.1943005!4d-115.1688206!16s%2Fg%2F11lczvp0q1!19sChIJSfQQymphuU8RmSlAxlA1Ors?authuser=0&hl=en&rclk=1,Official Website
Detail Central By Mr H,"Address: 7508 Wandercloud Ln, Las Vegas, NV 89145 ",Phone: (702) 480-9511 ,http://detailcentralpros.com/,https://www.google.com/maps/place/Detail+Central+By+Mr+H/data=!4m7!3m6!1s0x80c8c11e9ea97481:0x504073ffd68b2db5!8m2!3d36.170836!4d-115.2589244!16s%2Fg%2F11rx3b1dy7!19sChIJgXSpnh7ByIARtS2L1v9zQFA?authuser=0&hl=en&rclk=1,Official Website
Affirmative Mobile Detail,"Address: 4300 N Pecos Rd, Las Vegas, NV 89115 ",Phone: (702) 538-5296 ,https://affirmativemobiledetailing.com/,https://www.google.com/maps/place/Affirmative+Mobile+Detail/data=!4m7!3m6!1s0x80c8c3026bb6d5fd:0xb6ec0257c0bb52a2!8m2!3d36.238535!4d-115.0969522!16s%2Fg%2F11vrs8k2_2!19sChIJ_dW2awLDyIARolK7wFcC7LY?authuser=0&hl=en&rclk=1,Official Website
Ornelas Auto Detailing,,Phone: (702) 686-4528 ,http://www.ornelasautodetailing.com/,https://www.google.com/maps/place/Ornelas+Auto+Detailing/data=!4m7!3m6!1s0x453ef0576cff701b:0xe02593f6905dfa24!8m2!3d36.166129!4d-115.1496886!16s%2Fg%2F11ltjfmjnl!19sChIJG3D_bFfwPkURJPpdkPaTJeA?authuser=0&hl=en&rclk=1,Official Website
Brothers Car Wash Mobile Detailing,,Phone: (725) 228-7490 ,http://cardetailingnv.com/,https://www.google.com/maps/place/Brothers+Car+Wash+Mobile+Detailing/data=!4m7!3m6!1s0x25bec62e4e7974cf:0x2be0a673f2f47c88!8m2!3d36.3100404!4d-115.0525004!16s%2Fg%2F11yf5wpnmw!19sChIJz3R5Ti7GviURiHz08nOm4Cs?authuser=0&hl=en&rclk=1,Official Website
Premiere Auto Detail,"Address: 8600 Magnolia Ridge Ave, Las Vegas, NV 89134 ",Phone: (702) 238-2171 ,https://premiereautodetailing.com/,https://www.google.com/maps/place/Premiere+Auto+Detail/data=!4m7!3m6!1s0x80c8c1d95234791b:0xf8ef3bc2f6038575!8m2!3d36.1999865!4d-115.2832723!16s%2Fg%2F11txcy75my!19sChIJG3k0UtnByIARdYUD9sI77_g?authuser=0&hl=en&rclk=1,Official Website
Xtreme Detail LLC,,Phone: (702) 381-5673 ,https://xtremedetailllc.com/,https://www.google.com/maps/place/Xtreme+Detail+LLC/data=!4m7!3m6!1s0x80c8ea818dd95555:0xf88f1e1fcc807e86!8m2!3d36.2655174!4d-115.2343695!16s%2Fg%2F11h4cg6f1l!19sChIJVVXZjYHqyIARhn6AzB8ej_g?authuser=0&hl=en&rclk=1,Official Website
Dros Auto Detail,"Address: 3016 Morningside Ave, Las Vegas, NV 89106 ",Phone: (702) 605-2782 ,http://drosautodetail.com/,https://www.google.com/maps/place/Dros+Auto+Detail/data=!4m7!3m6!1s0x80c8c31ba170cad9:0x9eb4fb55288e2317!8m2!3d36.1915561!4d-115.1831958!16s%2Fg%2F11txy_hq75!19sChIJ2cpwoRvDyIARFyOOKFX7tJ4?authuser=0&hl=en&rclk=1,Official Website
Emis Mobile Detailing,,Phone: (702) 421-2211 ,https://www.emismobiledetailing.com/,https://www.google.com/maps/place/Emis+Mobile+Detailing/data=!4m7!3m6!1s0x4c1cebd10096bc27:0x75a9bebbe1395beb!8m2!3d36.166129!4d-115.1496886!16s%2Fg%2F11w2y9kzq2!19sChIJJ7yWANHrHEwR61s54bu-qXU?authuser=0&hl=en&rclk=1,Official Website
Eddies Mobile Detail LLC.,,Phone: (702) 577-4876 ,http://www.eddiesmobiledetail.com/,https://www.google.com/maps/place/Eddies+Mobile+Detail+LLC./data=!4m7!3m6!1s0x80c8ea82007c355d:0x1b1ca1e4070be6!8m2!3d37.2695056!4d-119.260732!16s%2Fg%2F1tksnn8b!19sChIJXTV8AILqyIAR5gsH5KEcGwA?authuser=0&hl=en&rclk=1,Official Website
Mobile Auto Truck Detailing Service,,Phone: (725) 735-8008 ,http://mobileautotruckdetailinglasvegas.com/,https://www.google.com/maps/place/Mobile+Auto+Truck+Detailing+Service/data=!4m7!3m6!1s0x24eed80a97b71c7d:0x2219ef582f9e848f!8m2!3d36.115939!4d-115.2333266!16s%2Fg%2F11y3w5l7jh!19sChIJfRy3lwrY7iQRj4SeL1jvGSI?authuser=0&hl=en&rclk=1,Official Website
G Cruz Mobile Auto Detailing,,Phone: (702) 613-2923 ,,https://www.google.com/maps/place/G+Cruz+Mobile+Auto+Detailing/data=!4m7!3m6!1s0x80c8c34c6e3afcd1:0x3749700b5249e91a!8m2!3d36.2655174!4d-115.2343695!16s%2Fg%2F11f9t978gk!19sChIJ0fw6bkzDyIARGulJUgtwSTc?authuser=0&hl=en&rclk=1,No Website
Sergical Detailing,,Phone: (702) 761-1711 ,http://sergicaldetailing.com/,https://www.google.com/maps/place/Sergical+Detailing/data=!4m7!3m6!1s0x21817f7b4e328a29:0x8173b06e819d87bb!8m2!3d47.6812374!4d-122.212179!16s%2Fg%2F11sd028sry!19sChIJKYoyTnt_gSERu4edgW6wc4E?authuser=0&hl=en&rclk=1,Official Website
Premium Mobile Detailing,,Phone: (702) 849-6659 ,,https://www.google.com/maps/place/Premium+Mobile+Detailing/data=!4m7!3m6!1s0x80c8dd4aae37b425:0xc1bb1da706df8627!8m2!3d36.1943005!4d-115.1496825!16s%2Fg%2F11s7txywlr!19sChIJJbQ3rkrdyIARJ4bfBqcdu8E?authuser=0&hl=en&rclk=1,No Website
DETAIL CITY Las Vegas,"Address: 3013 N Rancho Dr Suite 123, Las Vegas, NV 89130 ",Phone: (725) 277-5404 ,http://detailcitylv.com/,https://www.google.com/maps/place/DETAIL+CITY+Las+Vegas/data=!4m7!3m6!1s0x808fff65f0454cc9:0xa6d2518b5e1e26ef!8m2!3d36.2141623!4d-115.2140073!16s%2Fg%2F11g9drb92h!19sChIJyUxF8GX_j4AR7yYeXotR0qY?authuser=0&hl=en&rclk=1,Official Website
First Quality auto detailing Services,"Address: 4218 Newcastle Rd, Las Vegas, NV 89103 ",Phone: (702) 980-3137 ,https://firstqualityservicesnv.com/,https://www.google.com/maps/place/First+Quality+auto+detailing+Services/data=!4m7!3m6!1s0x80c8c7baf7140b67:0x5d59edbc0ebffe28!8m2!3d36.1123021!4d-115.2367576!16s%2Fg%2F11hf3r9j47!19sChIJZwsU97rHyIARKP6_DrztWV0?authuser=0&hl=en&rclk=1,Official Website
